{
    "openapi": "3.0.0",
    "info": {
        "title": "Wedding Invitation API",
        "version": "1.0"
    },
    "paths": {
        "/api/undangan/{undangan_id}/acara": {
            "get": {
                "tags": [
                    "Acara"
                ],
                "summary": "Get events by undangan ID",
                "operationId": "1923bf14480409fb45f157c1adc88081",
                "parameters": [
                    {
                        "name": "undangan_id",
                        "in": "path",
                        "required": true,
                        "schema": {
                            "type": "integer"
                        }
                    }
                ],
                "responses": {
                    "200": {
                        "description": "List of events"
                    },
                    "404": {
                        "description": "Undangan not found or unauthorized"
                    },
                    "500": {
                        "description": "Internal Server Error"
                    }
                }
            },
            "post": {
                "tags": [
                    "Acara"
                ],
                "summary": "Create a new event",
                "operationId": "3cd755b9381277a8f08ee505148a08a3",
                "parameters": [
                    {
                        "name": "undangan_id",
                        "in": "path",
                        "required": true,
                        "schema": {
                            "type": "integer"
                        }
                    }
                ],
                "requestBody": {
                    "required": true,
                    "content": {
                        "application/json": {
                            "schema": {
                                "required": [
                                    "title",
                                    "desc",
                                    "date",
                                    "icon"
                                ],
                                "properties": {
                                    "title": {
                                        "type": "string",
                                        "example": "Wedding Invitation"
                                    },
                                    "desc": {
                                        "type": "string",
                                        "example": "Lorem ipsum dolor sit amet."
                                    },
                                    "date": {
                                        "type": "string",
                                        "example": "2023-08-15"
                                    },
                                    "icon": {
                                        "type": "string",
                                        "example": "https://example.com/icon.png"
                                    }
                                },
                                "type": "object"
                            }
                        }
                    }
                },
                "responses": {
                    "201": {
                        "description": "Event created successfully"
                    },
                    "401": {
                        "description": "Unauthenticated"
                    },
                    "403": {
                        "description": "Unauthorized"
                    },
                    "404": {
                        "description": "Undangan not found or unauthorized"
                    },
                    "500": {
                        "description": "Internal Server Error"
                    }
                },
                "security": [
                    {
                        "bearerAuth": []
                    }
                ]
            }
        },
        "/api/undangan/{undangan_id}/acara/{id}": {
            "put": {
                "tags": [
                    "Acara"
                ],
                "summary": "Update an event",
                "operationId": "2a4643dc0726833b5fef65ee32ee5d2c",
                "parameters": [
                    {
                        "name": "undangan_id",
                        "in": "path",
                        "required": true,
                        "schema": {
                            "type": "integer"
                        }
                    },
                    {
                        "name": "id",
                        "in": "path",
                        "required": true,
                        "schema": {
                            "type": "integer"
                        }
                    }
                ],
                "requestBody": {
                    "required": true,
                    "content": {
                        "application/json": {
                            "schema": {
                                "required": [
                                    "title",
                                    "desc",
                                    "date",
                                    "icon"
                                ],
                                "properties": {
                                    "title": {
                                        "type": "string",
                                        "example": "Wedding Invitation"
                                    },
                                    "desc": {
                                        "type": "string",
                                        "example": "Elegant wedding invitation template"
                                    },
                                    "date": {
                                        "type": "string",
                                        "example": "2023-08-15"
                                    },
                                    "icon": {
                                        "type": "string",
                                        "example": "https://example.com/icon.png"
                                    }
                                },
                                "type": "object"
                            }
                        }
                    }
                },
                "responses": {
                    "200": {
                        "description": "Event updated successfully"
                    },
                    "401": {
                        "description": "Unauthenticated"
                    },
                    "403": {
                        "description": "Unauthorized"
                    },
                    "404": {
                        "description": "Acara not found or unauthorized"
                    },
                    "500": {
                        "description": "Internal Server Error"
                    }
                },
                "security": [
                    {
                        "bearerAuth": []
                    }
                ]
            },
            "delete": {
                "tags": [
                    "Acara"
                ],
                "summary": "Delete an event",
                "operationId": "0889a8fa07e97ebcfd477ceedcd88147",
                "parameters": [
                    {
                        "name": "undangan_id",
                        "in": "path",
                        "required": true,
                        "schema": {
                            "type": "integer"
                        }
                    },
                    {
                        "name": "id",
                        "in": "path",
                        "required": true,
                        "schema": {
                            "type": "integer"
                        }
                    }
                ],
                "responses": {
                    "200": {
                        "description": "Event deleted successfully"
                    },
                    "401": {
                        "description": "Unauthenticated"
                    },
                    "403": {
                        "description": "Unauthorized"
                    },
                    "404": {
                        "description": "Acara not found or unauthorized"
                    },
                    "500": {
                        "description": "Internal Server Error"
                    }
                },
                "security": [
                    {
                        "bearerAuth": []
                    }
                ]
            }
        },
        "/api/register": {
            "post": {
                "tags": [
                    "Authentication"
                ],
                "summary": "Register a new user",
                "operationId": "8a56853624e025573120a09a4c75d468",
                "requestBody": {
                    "required": true,
                    "content": {
                        "application/json": {
                            "schema": {
                                "required": [
                                    "name",
                                    "email",
                                    "password"
                                ],
                                "properties": {
                                    "name": {
                                        "type": "string"
                                    },
                                    "email": {
                                        "type": "string"
                                    },
                                    "password": {
                                        "type": "string"
                                    }
                                },
                                "type": "object"
                            }
                        }
                    }
                },
                "responses": {
                    "201": {
                        "description": "User registered successfully"
                    },
                    "400": {
                        "description": "Invalid request"
                    }
                }
            }
        },
        "/api/login": {
            "post": {
                "tags": [
                    "Authentication"
                ],
                "summary": "Login user",
                "operationId": "a3b306d14572d1f4bd6c064b3233e7b8",
                "requestBody": {
                    "required": true,
                    "content": {
                        "application/json": {
                            "schema": {
                                "required": [
                                    "email",
                                    "password"
                                ],
                                "properties": {
                                    "email": {
                                        "type": "string"
                                    },
                                    "password": {
                                        "type": "string"
                                    }
                                },
                                "type": "object"
                            }
                        }
                    }
                },
                "responses": {
                    "200": {
                        "description": "Login successful"
                    },
                    "401": {
                        "description": "Invalid credentials"
                    }
                }
            }
        },
        "/api/logout": {
            "post": {
                "tags": [
                    "Authentication"
                ],
                "summary": "Logout user",
                "operationId": "fe8f3429cd6979b3b4517e186505f9f9",
                "responses": {
                    "200": {
                        "description": "Logged out successfully"
                    }
                },
                "security": [
                    {
                        "bearerAuth": []
                    }
                ]
            }
        },
        "/api/banks": {
            "get": {
                "tags": [
                    "Banks"
                ],
                "summary": "Get all bank options",
                "operationId": "caa138ee4cdf9701a3ec3c3198e9f777",
                "responses": {
                    "200": {
                        "description": "List of bank options",
                        "content": {
                            "application/json": {
                                "schema": {
                                    "properties": {
                                        "status": {
                                            "type": "string",
                                            "example": "success"
                                        },
                                        "bank": {
                                            "type": "array",
                                            "items": {
                                                "properties": {
                                                    "id": {
                                                        "type": "integer",
                                                        "example": 1
                                                    },
                                                    "name": {
                                                        "type": "string",
                                                        "example": "Bank BCA"
                                                    },
                                                    "image": {
                                                        "type": "string",
                                                        "example": "path/to/image.jpg"
                                                    }
                                                },
                                                "type": "object"
                                            }
                                        }
                                    },
                                    "type": "object"
                                }
                            }
                        }
                    }
                }
            },
            "post": {
                "tags": [
                    "Banks"
                ],
                "summary": "Create a new bank option",
                "operationId": "3fa927bf23da99bcc82d71249de2c6d5",
                "requestBody": {
                    "required": true,
                    "content": {
                        "multipart/form-data": {
                            "schema": {
                                "required": [
                                    "name",
                                    "image"
                                ],
                                "properties": {
                                    "name": {
                                        "type": "string",
                                        "example": "Bank BCA"
                                    },
                                    "image": {
                                        "type": "file",
                                        "format": "binary"
                                    }
                                },
                                "type": "object"
                            }
                        }
                    }
                },
                "responses": {
                    "201": {
                        "description": "Bank option created successfully",
                        "content": {
                            "application/json": {
                                "schema": {
                                    "properties": {
                                        "status": {
                                            "type": "string",
                                            "example": "success"
                                        },
                                        "bank": {
                                            "properties": {
                                                "id": {
                                                    "type": "integer",
                                                    "example": 1
                                                },
                                                "name": {
                                                    "type": "string",
                                                    "example": "Bank BCA"
                                                },
                                                "image": {
                                                    "type": "string",
                                                    "example": "path/to/image.jpg"
                                                }
                                            },
                                            "type": "object"
                                        }
                                    },
                                    "type": "object"
                                }
                            }
                        }
                    },
                    "401": {
                        "description": "Unauthenticated",
                        "content": {
                            "application/json": {
                                "schema": {
                                    "properties": {
                                        "message": {
                                            "type": "string",
                                            "example": "Unauthenticated"
                                        }
                                    },
                                    "type": "object"
                                }
                            }
                        }
                    },
                    "403": {
                        "description": "Unauthorized",
                        "content": {
                            "application/json": {
                                "schema": {
                                    "properties": {
                                        "message": {
                                            "type": "string",
                                            "example": "Unauthorized"
                                        }
                                    },
                                    "type": "object"
                                }
                            }
                        }
                    }
                },
                "security": [
                    {
                        "bearerAuth": []
                    }
                ]
            }
        },
        "/api/banks/{id}": {
            "post": {
                "tags": [
                    "Banks"
                ],
                "summary": "Update a bank option",
                "operationId": "5bfde53cdc404222b55075fe5ce50a3a",
                "parameters": [
                    {
                        "name": "id",
                        "in": "path",
                        "description": "ID of the bank option to update",
                        "required": true,
                        "schema": {
                            "type": "integer"
                        }
                    }
                ],
                "requestBody": {
                    "required": true,
                    "content": {
                        "multipart/form-data": {
                            "schema": {
                                "properties": {
                                    "name": {
                                        "type": "string",
                                        "example": "Bank BCA"
                                    },
                                    "image": {
                                        "type": "file",
                                        "format": "binary"
                                    },
                                    "flag_active": {
                                        "type": "boolean",
                                        "example": true
                                    }
                                },
                                "type": "object"
                            }
                        }
                    }
                },
                "responses": {
                    "200": {
                        "description": "Bank option updated successfully",
                        "content": {
                            "application/json": {
                                "schema": {
                                    "properties": {
                                        "status": {
                                            "type": "string",
                                            "example": "success"
                                        },
                                        "bank": {
                                            "properties": {
                                                "id": {
                                                    "type": "integer",
                                                    "example": 1
                                                },
                                                "name": {
                                                    "type": "string",
                                                    "example": "Bank BCA"
                                                },
                                                "image": {
                                                    "type": "string",
                                                    "example": "path/to/image.jpg"
                                                }
                                            },
                                            "type": "object"
                                        }
                                    },
                                    "type": "object"
                                }
                            }
                        }
                    },
                    "401": {
                        "description": "Unauthenticated",
                        "content": {
                            "application/json": {
                                "schema": {
                                    "properties": {
                                        "message": {
                                            "type": "string",
                                            "example": "Unauthenticated"
                                        }
                                    },
                                    "type": "object"
                                }
                            }
                        }
                    },
                    "403": {
                        "description": "Unauthorized",
                        "content": {
                            "application/json": {
                                "schema": {
                                    "properties": {
                                        "message": {
                                            "type": "string",
                                            "example": "Unauthorized"
                                        }
                                    },
                                    "type": "object"
                                }
                            }
                        }
                    }
                },
                "security": [
                    {
                        "bearerAuth": []
                    }
                ]
            },
            "delete": {
                "tags": [
                    "Banks"
                ],
                "summary": "Delete a bank option",
                "operationId": "1d9b38766f91542fa4f80fd63eda5f68",
                "parameters": [
                    {
                        "name": "id",
                        "in": "path",
                        "description": "ID of the bank option to delete",
                        "required": true,
                        "schema": {
                            "type": "integer"
                        }
                    }
                ],
                "responses": {
                    "200": {
                        "description": "Bank option deleted successfully",
                        "content": {
                            "application/json": {
                                "schema": {
                                    "properties": {
                                        "status": {
                                            "type": "string",
                                            "example": "success"
                                        },
                                        "message": {
                                            "type": "string",
                                            "example": "Bank deleted successfully"
                                        }
                                    },
                                    "type": "object"
                                }
                            }
                        }
                    },
                    "401": {
                        "description": "Unauthenticated",
                        "content": {
                            "application/json": {
                                "schema": {
                                    "properties": {
                                        "message": {
                                            "type": "string",
                                            "example": "Unauthenticated"
                                        }
                                    },
                                    "type": "object"
                                }
                            }
                        }
                    },
                    "403": {
                        "description": "Unauthorized",
                        "content": {
                            "application/json": {
                                "schema": {
                                    "properties": {
                                        "message": {
                                            "type": "string",
                                            "example": "Unauthorized"
                                        }
                                    },
                                    "type": "object"
                                }
                            }
                        }
                    }
                },
                "security": [
                    {
                        "bearerAuth": []
                    }
                ]
            }
        },
        "/api/galery": {
            "post": {
                "tags": [
                    "Galery"
                ],
                "summary": "Create a new galery",
                "operationId": "b856df5c00cdf6e26611e1930e6eee9f",
                "requestBody": {
                    "required": true,
                    "content": {
                        "multipart/form-data": {
                            "schema": {
                                "required": [
                                    "undangan_id",
                                    "image"
                                ],
                                "properties": {
                                    "undangan_id": {
                                        "type": "integer",
                                        "example": 1
                                    },
                                    "image": {
                                        "type": "file",
                                        "format": "binary"
                                    }
                                },
                                "type": "object"
                            }
                        }
                    }
                },
                "responses": {
                    "201": {
                        "description": "Galery created successfully"
                    },
                    "401": {
                        "description": "Unauthenticated"
                    },
                    "403": {
                        "description": "Unauthorized"
                    },
                    "404": {
                        "description": "Undangan not found or unauthorized"
                    },
                    "500": {
                        "description": "Internal Server Error"
                    }
                },
                "security": [
                    {
                        "bearerAuth": []
                    }
                ]
            }
        },
        "/api/undangan/{undangan_id}/galery": {
            "get": {
                "tags": [
                    "Galery"
                ],
                "summary": "Get galery by undangan ID",
                "operationId": "149ff3600b836c465aea4f81a0ec20b9",
                "parameters": [
                    {
                        "name": "undangan_id",
                        "in": "path",
                        "required": true,
                        "schema": {
                            "type": "integer"
                        }
                    }
                ],
                "responses": {
                    "200": {
                        "description": "Galery retrieved successfully"
                    },
                    "404": {
                        "description": "No galery found for this invitation"
                    },
                    "500": {
                        "description": "Internal Server Error"
                    }
                }
            }
        },
        "/api/galery/{galery}": {
            "post": {
                "tags": [
                    "Galery"
                ],
                "summary": "Update an existing galery",
                "operationId": "985f4e5f1b677dbcd9ae5aab0d481c8f",
                "parameters": [
                    {
                        "name": "galery",
                        "in": "path",
                        "required": true,
                        "schema": {
                            "type": "integer"
                        }
                    }
                ],
                "requestBody": {
                    "required": true,
                    "content": {
                        "multipart/form-data": {
                            "schema": {
                                "required": [
                                    "undangan_id",
                                    "image"
                                ],
                                "properties": {
                                    "undangan_id": {
                                        "type": "integer",
                                        "example": 1
                                    },
                                    "image": {
                                        "type": "file",
                                        "format": "binary"
                                    }
                                },
                                "type": "object"
                            }
                        }
                    }
                },
                "responses": {
                    "200": {
                        "description": "Galery updated successfully"
                    },
                    "401": {
                        "description": "Unauthenticated"
                    },
                    "403": {
                        "description": "Unauthorized"
                    },
                    "404": {
                        "description": "Undangan not found or unauthorized"
                    },
                    "500": {
                        "description": "Internal Server Error"
                    }
                },
                "security": [
                    {
                        "bearerAuth": []
                    }
                ]
            }
        },
        "/api/galery/{id}": {
            "delete": {
                "tags": [
                    "Galery"
                ],
                "summary": "Delete an existing galery",
                "operationId": "a3cf3432d4119e1e77dfeccbe8cdd965",
                "parameters": [
                    {
                        "name": "id",
                        "in": "path",
                        "required": true,
                        "schema": {
                            "type": "integer"
                        }
                    }
                ],
                "responses": {
                    "200": {
                        "description": "Galery deleted successfully"
                    },
                    "401": {
                        "description": "Unauthenticated"
                    },
                    "403": {
                        "description": "Unauthorized"
                    },
                    "404": {
                        "description": "Undangan not found or unauthorized"
                    },
                    "500": {
                        "description": "Internal Server Error"
                    }
                },
                "security": [
                    {
                        "bearerAuth": []
                    }
                ]
            }
        },
        "/api/rekening": {
            "post": {
                "tags": [
                    "Rekening"
                ],
                "summary": "Create a new rekening",
                "operationId": "a33de93ef242c0a9e6349907659270c2",
                "requestBody": {
                    "required": true,
                    "content": {
                        "application/json": {
                            "schema": {
                                "properties": {
                                    "undangan_id": {
                                        "type": "integer",
                                        "example": 1
                                    },
                                    "account_name": {
                                        "type": "string",
                                        "example": "John Doe"
                                    },
                                    "account_number": {
                                        "type": "string",
                                        "example": "1234567890"
                                    },
                                    "bank": {
                                        "type": "string",
                                        "example": "Bank BCA"
                                    }
                                },
                                "type": "object"
                            }
                        }
                    }
                },
                "responses": {
                    "201": {
                        "description": "Rekening created successfully"
                    },
                    "401": {
                        "description": "Unauthenticated"
                    },
                    "404": {
                        "description": "Undangan not found or unauthorized"
                    },
                    "500": {
                        "description": "Internal Server Error"
                    }
                },
                "security": [
                    {
                        "bearerAuth": []
                    }
                ]
            }
        },
        "/api/undangan/{undangan_id}/rekening": {
            "get": {
                "tags": [
                    "Rekening"
                ],
                "summary": "Get rekening by undangan ID",
                "operationId": "6e0e5b01ed55c5657a09d8b126f5b3e3",
                "parameters": [
                    {
                        "name": "undangan_id",
                        "in": "path",
                        "required": true,
                        "schema": {
                            "type": "integer"
                        }
                    }
                ],
                "responses": {
                    "200": {
                        "description": "List of rekening"
                    },
                    "404": {
                        "description": "No rekening found for this invitation"
                    }
                }
            }
        },
        "/api/rekening/{id}": {
            "put": {
                "tags": [
                    "Rekening"
                ],
                "summary": "Update a rekening",
                "operationId": "9480590691b92bf15d4d5ee7cdae7583",
                "parameters": [
                    {
                        "name": "id",
                        "in": "path",
                        "required": true,
                        "schema": {
                            "type": "integer"
                        }
                    }
                ],
                "requestBody": {
                    "content": {
                        "application/json": {
                            "schema": {
                                "properties": {
                                    "undangan_id": {
                                        "type": "integer",
                                        "example": 1
                                    },
                                    "account_name": {
                                        "type": "string",
                                        "example": "John Doe"
                                    },
                                    "account_number": {
                                        "type": "string",
                                        "example": "1234567890"
                                    },
                                    "bank": {
                                        "type": "string",
                                        "example": "Bank BCA"
                                    }
                                },
                                "type": "object"
                            }
                        }
                    }
                },
                "responses": {
                    "200": {
                        "description": "Rekening updated successfully"
                    },
                    "401": {
                        "description": "Unauthenticated"
                    },
                    "404": {
                        "description": "Rekening not found or unauthorized"
                    }
                },
                "security": [
                    {
                        "bearerAuth": []
                    }
                ]
            }
        },
        "/api/undangan/{undangan_id}/story": {
            "get": {
                "tags": [
                    "Story"
                ],
                "summary": "Get stories by undangan ID",
                "operationId": "37f289f2549eab50be74a773f1341345",
                "parameters": [
                    {
                        "name": "undangan_id",
                        "in": "path",
                        "required": true,
                        "schema": {
                            "type": "integer"
                        }
                    }
                ],
                "responses": {
                    "200": {
                        "description": "Success"
                    },
                    "404": {
                        "description": "Undangan not found or unauthorized",
                        "content": {
                            "application/json": {
                                "schema": {
                                    "properties": {
                                        "message": {
                                            "type": "string",
                                            "example": "Undangan not found or unauthorized"
                                        }
                                    },
                                    "type": "object"
                                }
                            }
                        }
                    },
                    "500": {
                        "description": "Internal Server Error",
                        "content": {
                            "application/json": {
                                "schema": {
                                    "properties": {
                                        "message": {
                                            "type": "string",
                                            "example": "Internal Server Error"
                                        }
                                    },
                                    "type": "object"
                                }
                            }
                        }
                    }
                }
            },
            "post": {
                "tags": [
                    "Story"
                ],
                "summary": "Create a new story",
                "operationId": "9185d72475068438ae5225f431880658",
                "parameters": [
                    {
                        "name": "undangan_id",
                        "in": "path",
                        "required": true,
                        "schema": {
                            "type": "integer"
                        }
                    }
                ],
                "requestBody": {
                    "required": true,
                    "content": {
                        "multipart/form-data": {
                            "schema": {
                                "required": [
                                    "title",
                                    "desc",
                                    "image"
                                ],
                                "properties": {
                                    "title": {
                                        "type": "string",
                                        "example": "Wedding Story"
                                    },
                                    "desc": {
                                        "type": "string",
                                        "example": "This is a wedding story"
                                    },
                                    "image": {
                                        "type": "file",
                                        "format": "binary"
                                    }
                                },
                                "type": "object"
                            }
                        }
                    }
                },
                "responses": {
                    "201": {
                        "description": "Story created successfully"
                    },
                    "401": {
                        "description": "Unauthenticated",
                        "content": {
                            "application/json": {
                                "schema": {
                                    "properties": {
                                        "message": {
                                            "type": "string",
                                            "example": "Unauthenticated"
                                        }
                                    },
                                    "type": "object"
                                }
                            }
                        }
                    },
                    "403": {
                        "description": "Unauthorized",
                        "content": {
                            "application/json": {
                                "schema": {
                                    "properties": {
                                        "message": {
                                            "type": "string",
                                            "example": "Unauthorized"
                                        }
                                    },
                                    "type": "object"
                                }
                            }
                        }
                    },
                    "404": {
                        "description": "Undangan not found or unauthorized",
                        "content": {
                            "application/json": {
                                "schema": {
                                    "properties": {
                                        "message": {
                                            "type": "string",
                                            "example": "Undangan not found or unauthorized"
                                        }
                                    },
                                    "type": "object"
                                }
                            }
                        }
                    },
                    "422": {
                        "description": "Validation error",
                        "content": {
                            "application/json": {
                                "schema": {
                                    "properties": {
                                        "message": {
                                            "type": "string",
                                            "example": "Validation error"
                                        }
                                    },
                                    "type": "object"
                                }
                            }
                        }
                    },
                    "500": {
                        "description": "Internal Server Error",
                        "content": {
                            "application/json": {
                                "schema": {
                                    "properties": {
                                        "message": {
                                            "type": "string",
                                            "example": "Internal Server Error"
                                        }
                                    },
                                    "type": "object"
                                }
                            }
                        }
                    }
                },
                "security": [
                    {
                        "bearer": []
                    }
                ]
            }
        },
        "/api/undangan/{undangan_id}/story/{story_id}": {
            "post": {
                "tags": [
                    "Story"
                ],
                "summary": "Update a story",
                "operationId": "b0d1a9c95820d4fbd82b8e730747f4f7",
                "parameters": [
                    {
                        "name": "undangan_id",
                        "in": "path",
                        "required": true,
                        "schema": {
                            "type": "integer"
                        }
                    },
                    {
                        "name": "story_id",
                        "in": "path",
                        "required": true,
                        "schema": {
                            "type": "integer"
                        }
                    }
                ],
                "requestBody": {
                    "required": true,
                    "content": {
                        "multipart/form-data": {
                            "schema": {
                                "required": [
                                    "title",
                                    "desc",
                                    "image"
                                ],
                                "properties": {
                                    "title": {
                                        "type": "string",
                                        "example": "Wedding Story"
                                    },
                                    "desc": {
                                        "type": "string",
                                        "example": "This is a wedding story"
                                    },
                                    "image": {
                                        "type": "file",
                                        "format": "binary"
                                    }
                                },
                                "type": "object"
                            }
                        }
                    }
                },
                "responses": {
                    "200": {
                        "description": "Story updated successfully"
                    },
                    "400": {
                        "description": "Validation error",
                        "content": {
                            "application/json": {
                                "schema": {
                                    "properties": {
                                        "message": {
                                            "type": "string",
                                            "example": "Validation error"
                                        }
                                    },
                                    "type": "object"
                                }
                            }
                        }
                    },
                    "404": {
                        "description": "Story not found or unauthorized",
                        "content": {
                            "application/json": {
                                "schema": {
                                    "properties": {
                                        "message": {
                                            "type": "string",
                                            "example": "Story not found or unauthorized"
                                        }
                                    },
                                    "type": "object"
                                }
                            }
                        }
                    },
                    "500": {
                        "description": "Internal Server Error",
                        "content": {
                            "application/json": {
                                "schema": {
                                    "properties": {
                                        "message": {
                                            "type": "string",
                                            "example": "Internal Server Error"
                                        }
                                    },
                                    "type": "object"
                                }
                            }
                        }
                    }
                }
            },
            "delete": {
                "tags": [
                    "Story"
                ],
                "summary": "Delete a story",
                "operationId": "7b9cf1b1a9306945f556b3d36cf229d8",
                "parameters": [
                    {
                        "name": "undangan_id",
                        "in": "path",
                        "required": true,
                        "schema": {
                            "type": "integer"
                        }
                    },
                    {
                        "name": "story_id",
                        "in": "path",
                        "required": true,
                        "schema": {
                            "type": "integer"
                        }
                    }
                ],
                "responses": {
                    "200": {
                        "description": "Story deleted successfully",
                        "content": {
                            "application/json": {
                                "schema": {
                                    "properties": {
                                        "message": {
                                            "type": "string",
                                            "example": "Deleted successfully"
                                        }
                                    },
                                    "type": "object"
                                }
                            }
                        }
                    },
                    "404": {
                        "description": "Story not found or unauthorized",
                        "content": {
                            "application/json": {
                                "schema": {
                                    "properties": {
                                        "message": {
                                            "type": "string",
                                            "example": "Story not found or unauthorized"
                                        }
                                    },
                                    "type": "object"
                                }
                            }
                        }
                    },
                    "500": {
                        "description": "Internal Server Error",
                        "content": {
                            "application/json": {
                                "schema": {
                                    "properties": {
                                        "message": {
                                            "type": "string",
                                            "example": "Internal Server Error"
                                        }
                                    },
                                    "type": "object"
                                }
                            }
                        }
                    }
                }
            }
        },
        "/api/templates": {
            "get": {
                "tags": [
                    "Templates"
                ],
                "summary": "Get all templates",
                "operationId": "515609062277ac1c04c633b7e0bad17e",
                "responses": {
                    "200": {
                        "description": "List of templates"
                    },
                    "500": {
                        "description": "Internal Server Error"
                    }
                }
            },
            "post": {
                "tags": [
                    "Templates"
                ],
                "summary": "Upload a new template",
                "operationId": "2d94858dd131018a268de19ec450647a",
                "requestBody": {
                    "required": true,
                    "content": {
                        "multipart/form-data": {
                            "schema": {
                                "required": [
                                    "thumbnail",
                                    "title",
                                    "description",
                                    "type",
                                    "file",
                                    "price"
                                ],
                                "properties": {
                                    "thumbnail": {
                                        "type": "file",
                                        "format": "binary"
                                    },
                                    "title": {
                                        "type": "string",
                                        "example": "Template Title"
                                    },
                                    "description": {
                                        "type": "string",
                                        "example": "Template Description"
                                    },
                                    "type": {
                                        "type": "string",
                                        "enum": [
                                            "free",
                                            "premium"
                                        ],
                                        "example": "free"
                                    },
                                    "file": {
                                        "type": "file",
                                        "format": "binary"
                                    },
                                    "price": {
                                        "type": "number",
                                        "format": "float",
                                        "minimum": 0,
                                        "example": 0
                                    }
                                },
                                "type": "object"
                            }
                        }
                    }
                },
                "responses": {
                    "201": {
                        "description": "Template uploaded successfully",
                        "content": {
                            "application/json": {
                                "schema": {
                                    "properties": {
                                        "message": {
                                            "type": "string",
                                            "example": "Template uploaded successfully"
                                        }
                                    },
                                    "type": "object"
                                }
                            }
                        }
                    },
                    "401": {
                        "description": "Unauthenticated",
                        "content": {
                            "application/json": {
                                "schema": {
                                    "properties": {
                                        "message": {
                                            "type": "string",
                                            "example": "Unauthenticated"
                                        }
                                    },
                                    "type": "object"
                                }
                            }
                        }
                    },
                    "403": {
                        "description": "Unauthorized",
                        "content": {
                            "application/json": {
                                "schema": {
                                    "properties": {
                                        "message": {
                                            "type": "string",
                                            "example": "Unauthorized"
                                        }
                                    },
                                    "type": "object"
                                }
                            }
                        }
                    },
                    "400": {
                        "description": "Validation error",
                        "content": {
                            "application/json": {
                                "schema": {
                                    "properties": {
                                        "message": {
                                            "type": "string",
                                            "example": "Validation error"
                                        }
                                    },
                                    "type": "object"
                                }
                            }
                        }
                    },
                    "500": {
                        "description": "Internal Server Error",
                        "content": {
                            "application/json": {
                                "schema": {
                                    "properties": {
                                        "message": {
                                            "type": "string",
                                            "example": "Internal Server Error"
                                        }
                                    },
                                    "type": "object"
                                }
                            }
                        }
                    }
                },
                "security": [
                    {
                        "bearerAuth": []
                    }
                ]
            }
        },
        "/api/save-template": {
            "post": {
                "tags": [
                    "Templates"
                ],
                "summary": "Save a template for the authenticated user",
                "operationId": "1584f7bbf5ae3264227584ec1533726b",
                "requestBody": {
                    "required": true,
                    "content": {
                        "application/json": {
                            "schema": {
                                "required": [
                                    "id"
                                ],
                                "properties": {
                                    "id": {
                                        "description": "The ID of the template to save",
                                        "type": "integer",
                                        "example": 1
                                    }
                                },
                                "type": "object"
                            }
                        }
                    }
                },
                "responses": {
                    "201": {
                        "description": "Template saved successfully"
                    },
                    "401": {
                        "description": "Unauthenticated"
                    },
                    "409": {
                        "description": "Template already saved"
                    },
                    "500": {
                        "description": "Internal Server Error"
                    }
                },
                "security": [
                    {
                        "bearerAuth": []
                    }
                ]
            }
        },
        "/api/templates/{id}": {
            "get": {
                "tags": [
                    "Templates"
                ],
                "summary": "Get a template by ID",
                "operationId": "c3970808bc05c3f90fab5309cbfd7ab4",
                "parameters": [
                    {
                        "name": "id",
                        "in": "path",
                        "required": true,
                        "schema": {
                            "type": "string"
                        }
                    }
                ],
                "responses": {
                    "200": {
                        "description": "Template details"
                    },
                    "404": {
                        "description": "Template not found"
                    }
                }
            },
            "put": {
                "tags": [
                    "Templates"
                ],
                "summary": "Update an existing template",
                "operationId": "f91a7687221b2bd95a1bceae8a778e43",
                "parameters": [
                    {
                        "name": "id",
                        "in": "path",
                        "required": true,
                        "schema": {
                            "type": "string"
                        }
                    }
                ],
                "requestBody": {
                    "required": true,
                    "content": {
                        "application/json": {
                            "schema": {
                                "required": [
                                    "title",
                                    "description",
                                    "type",
                                    "flag_active"
                                ],
                                "properties": {
                                    "title": {
                                        "type": "string",
                                        "example": "Updated Template"
                                    },
                                    "description": {
                                        "type": "string",
                                        "example": "Updated description"
                                    },
                                    "type": {
                                        "type": "string",
                                        "enum": [
                                            "free",
                                            "premium"
                                        ],
                                        "example": "free"
                                    },
                                    "price": {
                                        "type": "number",
                                        "format": "float",
                                        "minimum": 0,
                                        "example": 0
                                    },
                                    "flag_active": {
                                        "type": "boolean",
                                        "example": true
                                    }
                                },
                                "type": "object"
                            }
                        }
                    }
                },
                "responses": {
                    "200": {
                        "description": "Template updated successfully"
                    },
                    "403": {
                        "description": "Unauthorized"
                    },
                    "404": {
                        "description": "Template not found"
                    }
                },
                "security": [
                    {
                        "bearerAuth": []
                    }
                ]
            }
        },
        "/api/my-templates": {
            "get": {
                "tags": [
                    "Templates"
                ],
                "summary": "Get templates owned by the authenticated user",
                "operationId": "4f5ad80af4bb213c22c476d809780b63",
                "responses": {
                    "200": {
                        "description": "List of user's templates"
                    },
                    "401": {
                        "description": "Unauthenticated"
                    }
                },
                "security": [
                    {
                        "bearerAuth": []
                    }
                ]
            }
        },
        "/api/undangan": {
            "get": {
                "tags": [
                    "Undangan"
                ],
                "summary": "Get user's undangan",
                "operationId": "8656f6734ba5e8f50e8c70b3d1df1931",
                "responses": {
                    "200": {
                        "description": "Successful response"
                    },
                    "401": {
                        "description": "Unauthenticated",
                        "content": {
                            "application/json": {
                                "schema": {
                                    "properties": {
                                        "message": {
                                            "type": "string",
                                            "example": "Unauthenticated"
                                        }
                                    },
                                    "type": "object"
                                }
                            }
                        }
                    },
                    "500": {
                        "description": "Internal Server Error",
                        "content": {
                            "application/json": {
                                "schema": {
                                    "properties": {
                                        "message": {
                                            "type": "string",
                                            "example": "Internal Server Error"
                                        }
                                    },
                                    "type": "object"
                                }
                            }
                        }
                    }
                },
                "security": [
                    {
                        "bearerAuth": []
                    }
                ]
            },
            "post": {
                "tags": [
                    "Undangan"
                ],
                "summary": "Create a new undangan",
                "operationId": "a2467e701dc5980bc947cb149940ee6a",
                "requestBody": {
                    "required": true,
                    "content": {
                        "application/json": {
                            "schema": {
                                "required": [
                                    "template_id",
                                    "man_name",
                                    "woman_name",
                                    "man_nickname",
                                    "woman_nickname"
                                ],
                                "properties": {
                                    "template_id": {
                                        "type": "string",
                                        "example": "1"
                                    },
                                    "man_name": {
                                        "type": "string",
                                        "example": "John Doe"
                                    },
                                    "woman_name": {
                                        "type": "string",
                                        "example": "Jane Doe"
                                    },
                                    "man_nickname": {
                                        "type": "string",
                                        "example": "John"
                                    },
                                    "woman_nickname": {
                                        "type": "string",
                                        "example": "Jane"
                                    }
                                },
                                "type": "object"
                            }
                        }
                    }
                },
                "responses": {
                    "200": {
                        "description": "Undangan created successfully"
                    },
                    "400": {
                        "description": "Validation error",
                        "content": {
                            "application/json": {
                                "schema": {
                                    "properties": {
                                        "message": {
                                            "type": "string",
                                            "example": "Validation error"
                                        }
                                    },
                                    "type": "object"
                                }
                            }
                        }
                    },
                    "401": {
                        "description": "Unauthenticated",
                        "content": {
                            "application/json": {
                                "schema": {
                                    "properties": {
                                        "message": {
                                            "type": "string",
                                            "example": "Unauthenticated"
                                        }
                                    },
                                    "type": "object"
                                }
                            }
                        }
                    },
                    "500": {
                        "description": "Internal Server Error",
                        "content": {
                            "application/json": {
                                "schema": {
                                    "properties": {
                                        "message": {
                                            "type": "string",
                                            "example": "Internal Server Error"
                                        }
                                    },
                                    "type": "object"
                                }
                            }
                        }
                    }
                },
                "security": [
                    {
                        "bearerAuth": []
                    }
                ]
            }
        },
        "/api/undangan/{id}": {
            "get": {
                "tags": [
                    "Undangan"
                ],
                "summary": "Get a specific undangan",
                "operationId": "ed8cb18c1fe0bc998911ddd18abc2332",
                "parameters": [
                    {
                        "name": "id",
                        "in": "path",
                        "description": "ID of the undangan",
                        "required": true,
                        "schema": {
                            "type": "integer"
                        }
                    }
                ],
                "responses": {
                    "200": {
                        "description": "Successful response"
                    },
                    "404": {
                        "description": "Undangan not found or unauthorized",
                        "content": {
                            "application/json": {
                                "schema": {
                                    "properties": {
                                        "message": {
                                            "type": "string",
                                            "example": "Undangan not found or unauthorized"
                                        }
                                    },
                                    "type": "object"
                                }
                            }
                        }
                    },
                    "401": {
                        "description": "Unauthenticated",
                        "content": {
                            "application/json": {
                                "schema": {
                                    "properties": {
                                        "message": {
                                            "type": "string",
                                            "example": "Unauthenticated"
                                        }
                                    },
                                    "type": "object"
                                }
                            }
                        }
                    },
                    "500": {
                        "description": "Internal Server Error",
                        "content": {
                            "application/json": {
                                "schema": {
                                    "properties": {
                                        "message": {
                                            "type": "string",
                                            "example": "Internal Server Error"
                                        }
                                    },
                                    "type": "object"
                                }
                            }
                        }
                    }
                },
                "security": [
                    {
                        "bearerAuth": []
                    }
                ]
            },
            "put": {
                "tags": [
                    "Undangan"
                ],
                "summary": "Update a specific undangan",
                "operationId": "1f347c378b24b70586b4a1a05daf7803",
                "parameters": [
                    {
                        "name": "id",
                        "in": "path",
                        "description": "ID of the undangan",
                        "required": true,
                        "schema": {
                            "type": "integer"
                        }
                    }
                ],
                "requestBody": {
                    "required": true,
                    "content": {
                        "application/json": {
                            "schema": {
                                "properties": {
                                    "man_name": {
                                        "type": "string",
                                        "example": "John Doe"
                                    },
                                    "woman_name": {
                                        "type": "string",
                                        "example": "Jane Doe"
                                    },
                                    "man_nickname": {
                                        "type": "string",
                                        "example": "John"
                                    },
                                    "woman_nickname": {
                                        "type": "string",
                                        "example": "Jane"
                                    },
                                    "man_address": {
                                        "type": "string",
                                        "example": "123 Main St"
                                    },
                                    "woman_address": {
                                        "type": "string",
                                        "example": "456 Elm St"
                                    },
                                    "man_father": {
                                        "type": "string",
                                        "example": "Dad"
                                    },
                                    "man_mother": {
                                        "type": "string",
                                        "example": "Mom"
                                    },
                                    "woman_father": {
                                        "type": "string",
                                        "example": "Dad"
                                    },
                                    "woman_mother": {
                                        "type": "string",
                                        "example": "Mom"
                                    }
                                },
                                "type": "object"
                            }
                        }
                    }
                },
                "responses": {
                    "200": {
                        "description": "Undangan updated successfully"
                    },
                    "404": {
                        "description": "Undangan not found or unauthorized",
                        "content": {
                            "application/json": {
                                "schema": {
                                    "properties": {
                                        "message": {
                                            "type": "string",
                                            "example": "Undangan not found or unauthorized"
                                        }
                                    },
                                    "type": "object"
                                }
                            }
                        }
                    },
                    "401": {
                        "description": "Unauthenticated",
                        "content": {
                            "application/json": {
                                "schema": {
                                    "properties": {
                                        "message": {
                                            "type": "string",
                                            "example": "Unauthenticated"
                                        }
                                    },
                                    "type": "object"
                                }
                            }
                        }
                    },
                    "500": {
                        "description": "Internal Server Error",
                        "content": {
                            "application/json": {
                                "schema": {
                                    "properties": {
                                        "message": {
                                            "type": "string",
                                            "example": "Internal Server Error"
                                        }
                                    },
                                    "type": "object"
                                }
                            }
                        }
                    }
                },
                "security": [
                    {
                        "bearerAuth": []
                    }
                ]
            },
            "delete": {
                "tags": [
                    "Undangan"
                ],
                "summary": "Delete an undangan",
                "operationId": "cba59d5b7821db60a03d6798e6079c74",
                "parameters": [
                    {
                        "name": "id",
                        "in": "path",
                        "description": "ID of the undangan",
                        "required": true,
                        "schema": {
                            "type": "integer"
                        }
                    }
                ],
                "responses": {
                    "200": {
                        "description": "Undangan deleted successfully"
                    },
                    "404": {
                        "description": "Undangan not found or unauthorized",
                        "content": {
                            "application/json": {
                                "schema": {
                                    "properties": {
                                        "message": {
                                            "type": "string",
                                            "example": "Undangan not found or unauthorized"
                                        }
                                    },
                                    "type": "object"
                                }
                            }
                        }
                    },
                    "401": {
                        "description": "Unauthenticated",
                        "content": {
                            "application/json": {
                                "schema": {
                                    "properties": {
                                        "message": {
                                            "type": "string",
                                            "example": "Unauthenticated"
                                        }
                                    },
                                    "type": "object"
                                }
                            }
                        }
                    },
                    "500": {
                        "description": "Internal Server Error",
                        "content": {
                            "application/json": {
                                "schema": {
                                    "properties": {
                                        "message": {
                                            "type": "string",
                                            "example": "Internal Server Error"
                                        }
                                    },
                                    "type": "object"
                                }
                            }
                        }
                    }
                }
            }
        }
    },
    "components": {
        "securitySchemes": {
            "bearerAuth": {
                "type": "http",
                "bearerFormat": "JWT",
                "scheme": "bearer"
            }
        }
    },
    "tags": [
        {
            "name": "Acara",
            "description": "API endpoints for managing events"
        },
        {
            "name": "Authentication",
            "description": "User Authentication Endpoints"
        },
        {
            "name": "Banks",
            "description": "API endpoints for managing bank options"
        },
        {
            "name": "Galery",
            "description": "API endpoints for managing galery"
        },
        {
            "name": "Rekening",
            "description": "API endpoints for managing rekenings"
        },
        {
            "name": "Story",
            "description": "API endpoints for managing stories"
        },
        {
            "name": "Templates",
            "description": "API endpoints for managing templates"
        },
        {
            "name": "Undangan",
            "description": "API endpoints for managing undangan"
        }
    ]
}